{
  "tag": "mtvstars",
  "tweets": 513408,
  "retweets": 165192,
  "potential_views": 154525717,
  "links": 0.0599,
  "photos": 0.01774,
  "mentions": 0.01347,
  "color": 1
}
